y_true,y_pred,error,nprocs,POSIX_OPENS,LUSTRE_STRIPE_SIZE,LUSTRE_STRIPE_WIDTH,POSIX_FILENOS,POSIX_MEM_ALIGNMENT,POSIX_FILE_ALIGNMENT,POSIX_READS,POSIX_WRITES,POSIX_SEEKS,POSIX_STATS,POSIX_BYTES_READ,POSIX_BYTES_WRITTEN,POSIX_CONSEC_READS,POSIX_CONSEC_WRITES,POSIX_SEQ_READS,POSIX_SEQ_WRITES,POSIX_RW_SWITCHES,POSIX_MEM_NOT_ALIGNED,POSIX_FILE_NOT_ALIGNED,POSIX_SIZE_READ_0_100,POSIX_SIZE_READ_100_1K,POSIX_SIZE_READ_1K_10K,POSIX_SIZE_READ_100K_1M,POSIX_SIZE_WRITE_0_100,POSIX_SIZE_WRITE_100_1K,POSIX_SIZE_WRITE_1K_10K,POSIX_SIZE_WRITE_10K_100K,POSIX_SIZE_WRITE_100K_1M,POSIX_STRIDE1_STRIDE,POSIX_STRIDE2_STRIDE,POSIX_STRIDE3_STRIDE,POSIX_STRIDE4_STRIDE,POSIX_STRIDE1_COUNT,POSIX_STRIDE2_COUNT,POSIX_STRIDE3_COUNT,POSIX_STRIDE4_COUNT,POSIX_ACCESS1_ACCESS,POSIX_ACCESS2_ACCESS,POSIX_ACCESS3_ACCESS,POSIX_ACCESS4_ACCESS,POSIX_ACCESS1_COUNT,POSIX_ACCESS2_COUNT,POSIX_ACCESS3_COUNT,POSIX_ACCESS4_COUNT,gnn_emb_0,gnn_emb_1,gnn_emb_2,gnn_emb_3,gnn_emb_4,gnn_emb_5,gnn_emb_6,gnn_emb_7,gnn_emb_8,gnn_emb_9,gnn_emb_10,gnn_emb_11,gnn_emb_12,gnn_emb_13,gnn_emb_14,gnn_emb_15,gnn_emb_16,gnn_emb_17,gnn_emb_18,gnn_emb_19,gnn_emb_20,gnn_emb_21,gnn_emb_22,gnn_emb_23,gnn_emb_24,gnn_emb_25,gnn_emb_26,gnn_emb_27,gnn_emb_28,gnn_emb_29,gnn_emb_30,gnn_emb_31,gnn_emb_32,gnn_emb_33,gnn_emb_34,gnn_emb_35,gnn_emb_36,gnn_emb_37,gnn_emb_38,gnn_emb_39,gnn_emb_40,gnn_emb_41,gnn_emb_42,gnn_emb_43,gnn_emb_44,gnn_emb_45,gnn_emb_46,gnn_emb_47,gnn_emb_48,gnn_emb_49,gnn_emb_50,gnn_emb_51,gnn_emb_52,gnn_emb_53,gnn_emb_54,gnn_emb_55,gnn_emb_56,gnn_emb_57,gnn_emb_58,gnn_emb_59,gnn_emb_60,gnn_emb_61,gnn_emb_62,gnn_emb_63
4.0000433921813965,0.045502926284645966,-3.9545404658967507,0.0010654961101647098,0.0009688945555267061,0.0002605681467997932,0.0002610446350801431,0.00357409612410193,0.0011767622240260506,0.0009070367580479297,-1.114777059548171e-05,7.627616677503151e-05,0.000359259776814758,0.0021221408765772047,-0.008038293463122237,-0.002538804480782704,2.7958129819664024e-05,9.7362745862595e-05,2.5743399207494018e-05,-0.00013782220197959576,5.6412088006186466e-05,-4.503617117060739e-05,-0.00020939882002710526,0.00047083565618460314,-0.0008024002216403122,-0.0014327230116216534,0.00019981968148707256,6.632275249064089e-05,0.00014120184219582803,0.0001255522148641415,0.00011172142250706067,9.494417786607264e-05,4.5833471808452875e-06,0.00011044028433457752,4.589882961641442e-05,0.00015611688098727871,9.108407909237983e-05,0.0002440778527704518,4.972439622700616e-05,-1.659164192326902e-05,0.0035499701741140114,0.00751901650939242,-3.8603553357067466e-05,-2.5205607848310673e-05,0.00036702580461218655,0.0010989027075964343,0.00019524121891204016,-0.00025408865191064035,0.00018764623014786366,-9.10211732054126e-05,0.0016914481122245306,0.00026620955569737234,-7.18638401637179e-05,-0.0003181704802776524,4.3050761273828856e-05,0.00020275475632931784,-2.8990657175628245e-05,3.877215827355689e-06,-9.585212901945987e-05,0.00038584686777524177,0.0002868572179237177,-2.38439129001723e-06,0.0003577422353829774,0.00015577317415526107,-1.3089458912941817e-05,-2.099721346624907e-05,0.0003810449655554127,0.00018195304394323428,-0.00016548188404758233,0.0021463455280920744,0.0033155587796997424,-0.0017774062959116036,0.0001392253893512302,-6.8841098363797e-05,-2.0997394978616863e-05,-0.0005665640836549583,0.0010144174978826107,0.0005720541745721057,1.5166163911685115e-05,0.00022763636997867189,5.70981746678588e-05,-7.700191306841508e-05,-2.1895872075602622e-05,0.0008463241546543223,0.0023944462215959956,-0.00143216657257129,0.000864338896752599,-2.8608414028589985e-05,5.75287756156523e-05,-6.0224900756970665e-05,-6.493606267756658e-05,-0.00016839235114293502,6.86694112070642e-05,-7.775654052646394e-05,-0.0002466191404969085,0.0003057817605951325,7.077350009517126e-06,-0.00011561377919556036,-0.004577235588916418,-0.00038962675425459033,5.503554861143706e-05,0.00014214896690681683,-2.7356685024557783e-05,0.0007669728377105366,0.0001932931227085029,0.00010646163687991568,-8.25754708444633e-05,4.511555570454483e-05,2.0243346139206635e-05,-0.011285181243202703,-4.954831356194476e-05,-2.279232702385095e-07
3.8615667819976807,0.045502926284645966,-3.816063855713035,0.0010677366116512096,0.0009711070852858288,0.0002606127904185107,0.00026107132630734034,0.0035754067975484103,0.0011814618589258332,0.0009086136011651121,-1.1227813584930648e-05,7.636683979837233e-05,0.0003604347351445588,0.0021174393753160994,-0.00802596417401736,-0.0025023092384048803,2.789102905372272e-05,9.743710757503212e-05,2.5659259079819294e-05,-0.000137821686289975,6.80303039343407e-05,-4.653798083248519e-05,-0.00022311482353426553,0.00047305817565353794,-0.0008030893918376086,-0.0014325287259746293,0.00019984779956207596,6.486712220663526e-05,0.00014091786178877988,0.0001559517547333275,0.00011172142250706067,8.296477012043578e-05,4.671700561224456e-06,0.0001080462167678246,4.59265000047419e-05,0.00015620754502515956,8.118476556712548e-05,0.00024403858097789044,4.972439622700616e-05,-1.659164192326902e-05,0.003550580911562698,0.007518760425597528,-3.87862836114884e-05,-2.5769300538090633e-05,0.00036700593992552446,0.0010986707634731046,0.0001952387511044625,-0.00025406342287159653,0.00018738580577906165,-8.908397742364678e-05,0.0016918210572946853,0.00026616975181264184,-6.797000160904053e-05,-0.00031839542724367893,4.306098012009254e-05,0.00019063445018576173,-2.58792740354764e-05,4.1922340210894915e-06,-9.636379366353616e-05,0.0003845086939343653,0.00028685770734854156,-1.581586982116042e-06,0.0003582486671024734,0.00015412418785100686,-1.3579680547001812e-05,-2.1047802377767683e-05,0.00038105115506693047,0.0001807705163270971,-0.00016548188404758233,0.0021483656399216367,0.003315750745696415,-0.0017769716108757762,0.00013857491336906352,-6.892547280709028e-05,-1.9878961896156563e-05,-0.0005670023509026646,0.0010144174978826107,0.0005720303778688575,1.5828583661510566e-05,0.00022765405462656842,5.707263678393639e-05,-7.69532347641164e-05,-2.040326122361785e-05,0.0008427675045351745,0.0023905664368901376,-0.0014257986657263966,0.0008643460414407168,-2.8530843741630308e-05,5.7533900293471256e-05,-6.015661047413385e-05,-6.493606267756658e-05,-0.00016831798943049792,6.79086255770183e-05,-7.775638877387242e-05,-0.00024661799678380803,0.000305737192805144,6.958402150734624e-06,-0.00011560971601226715,-0.004578530231630437,-0.0004435644632100179,5.473872050190014e-05,0.00014214896690681683,-2.731787256528471e-05,0.0007691385686656766,0.00019328955667914153,0.00010805927120021747,-8.25153137765934e-05,4.4729543896530446e-05,2.0209294413063288e-05,-0.011281315580621464,-5.6855198003217274e-05,-2.279232702385095e-07
3.8299858570098877,0.045502926284645966,-3.784482930725242,0.0010677366116512096,0.0009711070852858288,0.0002606127904185107,0.00026107132630734034,0.0035754067975484103,0.0011814618589258332,0.0009086136011651121,-1.1227813584930648e-05,7.636683979837233e-05,0.0003604347351445588,0.0021174393753160994,-0.00802596417401736,-0.0025023092384048803,2.789102905372272e-05,9.743710757503212e-05,2.5659259079819294e-05,-0.000137821686289975,6.80303039343407e-05,-4.653798083248519e-05,-0.00022311482353426553,0.00047305817565353794,-0.0008030893918376086,-0.0014325287259746293,0.00019984779956207596,6.486712220663526e-05,0.00014091786178877988,0.0001559517547333275,0.00011172142250706067,8.296477012043578e-05,4.671700561224456e-06,0.0001080462167678246,4.59265000047419e-05,0.00015620754502515956,8.118476556712548e-05,0.00024403858097789044,4.972439622700616e-05,-1.659164192326902e-05,0.003550580911562698,0.007518760425597528,-3.87862836114884e-05,-2.5769300538090633e-05,0.00036700593992552446,0.0010986707634731046,0.0001952387511044625,-0.00025406342287159653,0.00018738580577906165,-8.908397742364678e-05,0.0016918210572946853,0.00026616975181264184,-6.797000160904053e-05,-0.00031839542724367893,4.306098012009254e-05,0.00019063445018576173,-2.58792740354764e-05,4.1922340210894915e-06,-9.636379366353616e-05,0.0003845086939343653,0.00028685770734854156,-1.581586982116042e-06,0.0003582486671024734,0.00015412418785100686,-1.3579680547001812e-05,-2.1047802377767683e-05,0.00038105115506693047,0.0001807705163270971,-0.00016548188404758233,0.0021483656399216367,0.003315750745696415,-0.0017769716108757762,0.00013857491336906352,-6.892547280709028e-05,-1.9878961896156563e-05,-0.0005670023509026646,0.0010144174978826107,0.0005720303778688575,1.5828583661510566e-05,0.00022765405462656842,5.707263678393639e-05,-7.69532347641164e-05,-2.040326122361785e-05,0.0008427675045351745,0.0023905664368901376,-0.0014257986657263966,0.0008643460414407168,-2.8530843741630308e-05,5.7533900293471256e-05,-6.015661047413385e-05,-6.493606267756658e-05,-0.00016831798943049792,6.79086255770183e-05,-7.775638877387242e-05,-0.00024661799678380803,0.000305737192805144,6.958402150734624e-06,-0.00011560971601226715,-0.004578530231630437,-0.0004435644632100179,5.473872050190014e-05,0.00014214896690681683,-2.731787256528471e-05,0.0007691385686656766,0.00019328955667914153,0.00010805927120021747,-8.25153137765934e-05,4.4729543896530446e-05,2.0209294413063288e-05,-0.011281315580621464,-5.6855198003217274e-05,-2.279232702385095e-07
3.868818998336792,0.045502926284645966,-3.823316072052146,0.0010677366116512096,0.0009711070852858288,0.0002606127904185107,0.00026107132630734034,0.0035754067975484103,0.0011814618589258332,0.0009086136011651121,-1.1227813584930648e-05,7.636683979837233e-05,0.0003604347351445588,0.0021174393753160994,-0.00802596417401736,-0.0025023092384048803,2.789102905372272e-05,9.743710757503212e-05,2.5659259079819294e-05,-0.000137821686289975,6.80303039343407e-05,-4.653798083248519e-05,-0.00022311482353426553,0.00047305817565353794,-0.0008030893918376086,-0.0014325287259746293,0.00019984779956207596,6.486712220663526e-05,0.00014091786178877988,0.0001559517547333275,0.00011172142250706067,8.296477012043578e-05,4.671700561224456e-06,0.0001080462167678246,4.59265000047419e-05,0.00015620754502515956,8.118476556712548e-05,0.00024403858097789044,4.972439622700616e-05,-1.659164192326902e-05,0.003550580911562698,0.007518760425597528,-3.87862836114884e-05,-2.5769300538090633e-05,0.00036700593992552446,0.0010986707634731046,0.0001952387511044625,-0.00025406342287159653,0.00018738580577906165,-8.908397742364678e-05,0.0016918210572946853,0.00026616975181264184,-6.797000160904053e-05,-0.00031839542724367893,4.306098012009254e-05,0.00019063445018576173,-2.58792740354764e-05,4.1922340210894915e-06,-9.636379366353616e-05,0.0003845086939343653,0.00028685770734854156,-1.581586982116042e-06,0.0003582486671024734,0.00015412418785100686,-1.3579680547001812e-05,-2.1047802377767683e-05,0.00038105115506693047,0.0001807705163270971,-0.00016548188404758233,0.0021483656399216367,0.003315750745696415,-0.0017769716108757762,0.00013857491336906352,-6.892547280709028e-05,-1.9878961896156563e-05,-0.0005670023509026646,0.0010144174978826107,0.0005720303778688575,1.5828583661510566e-05,0.00022765405462656842,5.707263678393639e-05,-7.69532347641164e-05,-2.040326122361785e-05,0.0008427675045351745,0.0023905664368901376,-0.0014257986657263966,0.0008643460414407168,-2.8530843741630308e-05,5.7533900293471256e-05,-6.015661047413385e-05,-6.493606267756658e-05,-0.00016831798943049792,6.79086255770183e-05,-7.775638877387242e-05,-0.00024661799678380803,0.000305737192805144,6.958402150734624e-06,-0.00011560971601226715,-0.004578530231630437,-0.0004435644632100179,5.473872050190014e-05,0.00014214896690681683,-2.731787256528471e-05,0.0007691385686656766,0.00019328955667914153,0.00010805927120021747,-8.25153137765934e-05,4.4729543896530446e-05,2.0209294413063288e-05,-0.011281315580621464,-5.6855198003217274e-05,-2.279232702385095e-07
3.9618232250213623,0.045502926284645966,-3.9163202987367165,0.0010677366116512096,0.0009711070852858288,0.0002606127904185107,0.00026107132630734034,0.0035754067975484103,0.0011814618589258332,0.0009086136011651121,-1.1227813584930648e-05,7.636683979837233e-05,0.0003604347351445588,0.0021174393753160994,-0.00802596417401736,-0.0025023092384048803,2.789102905372272e-05,9.743710757503212e-05,2.5659259079819294e-05,-0.000137821686289975,6.80303039343407e-05,-4.653798083248519e-05,-0.00022311482353426553,0.00047305817565353794,-0.0008030893918376086,-0.0014325287259746293,0.00019984779956207596,6.486712220663526e-05,0.00014091786178877988,0.0001559517547333275,0.00011172142250706067,8.296477012043578e-05,4.671700561224456e-06,0.0001080462167678246,4.59265000047419e-05,0.00015620754502515956,8.118476556712548e-05,0.00024403858097789044,4.972439622700616e-05,-1.659164192326902e-05,0.003550580911562698,0.007518760425597528,-3.87862836114884e-05,-2.5769300538090633e-05,0.00036700593992552446,0.0010986707634731046,0.0001952387511044625,-0.00025406342287159653,0.00018738580577906165,-8.908397742364678e-05,0.0016918210572946853,0.00026616975181264184,-6.797000160904053e-05,-0.00031839542724367893,4.306098012009254e-05,0.00019063445018576173,-2.58792740354764e-05,4.1922340210894915e-06,-9.636379366353616e-05,0.0003845086939343653,0.00028685770734854156,-1.581586982116042e-06,0.0003582486671024734,0.00015412418785100686,-1.3579680547001812e-05,-2.1047802377767683e-05,0.00038105115506693047,0.0001807705163270971,-0.00016548188404758233,0.0021483656399216367,0.003315750745696415,-0.0017769716108757762,0.00013857491336906352,-6.892547280709028e-05,-1.9878961896156563e-05,-0.0005670023509026646,0.0010144174978826107,0.0005720303778688575,1.5828583661510566e-05,0.00022765405462656842,5.707263678393639e-05,-7.69532347641164e-05,-2.040326122361785e-05,0.0008427675045351745,0.0023905664368901376,-0.0014257986657263966,0.0008643460414407168,-2.8530843741630308e-05,5.7533900293471256e-05,-6.015661047413385e-05,-6.493606267756658e-05,-0.00016831798943049792,6.79086255770183e-05,-7.775638877387242e-05,-0.00024661799678380803,0.000305737192805144,6.958402150734624e-06,-0.00011560971601226715,-0.004578530231630437,-0.0004435644632100179,5.473872050190014e-05,0.00014214896690681683,-2.731787256528471e-05,0.0007691385686656766,0.00019328955667914153,0.00010805927120021747,-8.25153137765934e-05,4.4729543896530446e-05,2.0209294413063288e-05,-0.011281315580621464,-5.6855198003217274e-05,-2.279232702385095e-07
3.8910839557647705,0.045502926284645966,-3.8455810294801247,0.0010677366116512096,0.0009711070852858288,0.0002606127904185107,0.00026107132630734034,0.0035754067975484103,0.0011814618589258332,0.0009086136011651121,-1.1227813584930648e-05,7.636683979837233e-05,0.0003604347351445588,0.0021174393753160994,-0.00802596417401736,-0.0025023092384048803,2.789102905372272e-05,9.743710757503212e-05,2.5659259079819294e-05,-0.000137821686289975,6.80303039343407e-05,-4.653798083248519e-05,-0.00022311482353426553,0.00047305817565353794,-0.0008030893918376086,-0.0014325287259746293,0.00019984779956207596,6.486712220663526e-05,0.00014091786178877988,0.0001559517547333275,0.00011172142250706067,8.296477012043578e-05,4.671700561224456e-06,0.0001080462167678246,4.59265000047419e-05,0.00015620754502515956,8.118476556712548e-05,0.00024403858097789044,4.972439622700616e-05,-1.659164192326902e-05,0.003550580911562698,0.007518760425597528,-3.87862836114884e-05,-2.5769300538090633e-05,0.00036700593992552446,0.0010986707634731046,0.0001952387511044625,-0.00025406342287159653,0.00018738580577906165,-8.908397742364678e-05,0.0016918210572946853,0.00026616975181264184,-6.797000160904053e-05,-0.00031839542724367893,4.306098012009254e-05,0.00019063445018576173,-2.58792740354764e-05,4.1922340210894915e-06,-9.636379366353616e-05,0.0003845086939343653,0.00028685770734854156,-1.581586982116042e-06,0.0003582486671024734,0.00015412418785100686,-1.3579680547001812e-05,-2.1047802377767683e-05,0.00038105115506693047,0.0001807705163270971,-0.00016548188404758233,0.0021483656399216367,0.003315750745696415,-0.0017769716108757762,0.00013857491336906352,-6.892547280709028e-05,-1.9878961896156563e-05,-0.0005670023509026646,0.0010144174978826107,0.0005720303778688575,1.5828583661510566e-05,0.00022765405462656842,5.707263678393639e-05,-7.69532347641164e-05,-2.040326122361785e-05,0.0008427675045351745,0.0023905664368901376,-0.0014257986657263966,0.0008643460414407168,-2.8530843741630308e-05,5.7533900293471256e-05,-6.015661047413385e-05,-6.493606267756658e-05,-0.00016831798943049792,6.79086255770183e-05,-7.775638877387242e-05,-0.00024661799678380803,0.000305737192805144,6.958402150734624e-06,-0.00011560971601226715,-0.004578530231630437,-0.0004435644632100179,5.473872050190014e-05,0.00014214896690681683,-2.731787256528471e-05,0.0007691385686656766,0.00019328955667914153,0.00010805927120021747,-8.25153137765934e-05,4.4729543896530446e-05,2.0209294413063288e-05,-0.011281315580621464,-5.6855198003217274e-05,-2.279232702385095e-07
3.9418210983276367,0.045502926284645966,-3.896318172042991,0.0010677366116512096,0.0009711070852858288,0.0002606127904185107,0.00026107132630734034,0.0035754067975484103,0.0011814618589258332,0.0009086136011651121,-1.1227813584930648e-05,7.636683979837233e-05,0.0003604347351445588,0.0021174393753160994,-0.00802596417401736,-0.0025023092384048803,2.789102905372272e-05,9.743710757503212e-05,2.5659259079819294e-05,-0.000137821686289975,6.80303039343407e-05,-4.653798083248519e-05,-0.00022311482353426553,0.00047305817565353794,-0.0008030893918376086,-0.0014325287259746293,0.00019984779956207596,6.486712220663526e-05,0.00014091786178877988,0.0001559517547333275,0.00011172142250706067,8.296477012043578e-05,4.671700561224456e-06,0.0001080462167678246,4.59265000047419e-05,0.00015620754502515956,8.118476556712548e-05,0.00024403858097789044,4.972439622700616e-05,-1.659164192326902e-05,0.003550580911562698,0.007518760425597528,-3.87862836114884e-05,-2.5769300538090633e-05,0.00036700593992552446,0.0010986707634731046,0.0001952387511044625,-0.00025406342287159653,0.00018738580577906165,-8.908397742364678e-05,0.0016918210572946853,0.00026616975181264184,-6.797000160904053e-05,-0.00031839542724367893,4.306098012009254e-05,0.00019063445018576173,-2.58792740354764e-05,4.1922340210894915e-06,-9.636379366353616e-05,0.0003845086939343653,0.00028685770734854156,-1.581586982116042e-06,0.0003582486671024734,0.00015412418785100686,-1.3579680547001812e-05,-2.1047802377767683e-05,0.00038105115506693047,0.0001807705163270971,-0.00016548188404758233,0.0021483656399216367,0.003315750745696415,-0.0017769716108757762,0.00013857491336906352,-6.892547280709028e-05,-1.9878961896156563e-05,-0.0005670023509026646,0.0010144174978826107,0.0005720303778688575,1.5828583661510566e-05,0.00022765405462656842,5.707263678393639e-05,-7.69532347641164e-05,-2.040326122361785e-05,0.0008427675045351745,0.0023905664368901376,-0.0014257986657263966,0.0008643460414407168,-2.8530843741630308e-05,5.7533900293471256e-05,-6.015661047413385e-05,-6.493606267756658e-05,-0.00016831798943049792,6.79086255770183e-05,-7.775638877387242e-05,-0.00024661799678380803,0.000305737192805144,6.958402150734624e-06,-0.00011560971601226715,-0.004578530231630437,-0.0004435644632100179,5.473872050190014e-05,0.00014214896690681683,-2.731787256528471e-05,0.0007691385686656766,0.00019328955667914153,0.00010805927120021747,-8.25153137765934e-05,4.4729543896530446e-05,2.0209294413063288e-05,-0.011281315580621464,-5.6855198003217274e-05,-2.279232702385095e-07
3.881633996963501,0.045502926284645966,-3.836131070678855,0.0010677366116512096,0.0009711070852858288,0.0002606127904185107,0.00026107132630734034,0.0035754067975484103,0.0011814618589258332,0.0009086136011651121,-1.1227813584930648e-05,7.636683979837233e-05,0.0003604347351445588,0.0021174393753160994,-0.00802596417401736,-0.0025023092384048803,2.789102905372272e-05,9.743710757503212e-05,2.5659259079819294e-05,-0.000137821686289975,6.80303039343407e-05,-4.653798083248519e-05,-0.00022311482353426553,0.00047305817565353794,-0.0008030893918376086,-0.0014325287259746293,0.00019984779956207596,6.486712220663526e-05,0.00014091786178877988,0.0001559517547333275,0.00011172142250706067,8.296477012043578e-05,4.671700561224456e-06,0.0001080462167678246,4.59265000047419e-05,0.00015620754502515956,8.118476556712548e-05,0.00024403858097789044,4.972439622700616e-05,-1.659164192326902e-05,0.003550580911562698,0.007518760425597528,-3.87862836114884e-05,-2.5769300538090633e-05,0.00036700593992552446,0.0010986707634731046,0.0001952387511044625,-0.00025406342287159653,0.00018738580577906165,-8.908397742364678e-05,0.0016918210572946853,0.00026616975181264184,-6.797000160904053e-05,-0.00031839542724367893,4.306098012009254e-05,0.00019063445018576173,-2.58792740354764e-05,4.1922340210894915e-06,-9.636379366353616e-05,0.0003845086939343653,0.00028685770734854156,-1.581586982116042e-06,0.0003582486671024734,0.00015412418785100686,-1.3579680547001812e-05,-2.1047802377767683e-05,0.00038105115506693047,0.0001807705163270971,-0.00016548188404758233,0.0021483656399216367,0.003315750745696415,-0.0017769716108757762,0.00013857491336906352,-6.892547280709028e-05,-1.9878961896156563e-05,-0.0005670023509026646,0.0010144174978826107,0.0005720303778688575,1.5828583661510566e-05,0.00022765405462656842,5.707263678393639e-05,-7.69532347641164e-05,-2.040326122361785e-05,0.0008427675045351745,0.0023905664368901376,-0.0014257986657263966,0.0008643460414407168,-2.8530843741630308e-05,5.7533900293471256e-05,-6.015661047413385e-05,-6.493606267756658e-05,-0.00016831798943049792,6.79086255770183e-05,-7.775638877387242e-05,-0.00024661799678380803,0.000305737192805144,6.958402150734624e-06,-0.00011560971601226715,-0.004578530231630437,-0.0004435644632100179,5.473872050190014e-05,0.00014214896690681683,-2.731787256528471e-05,0.0007691385686656766,0.00019328955667914153,0.00010805927120021747,-8.25153137765934e-05,4.4729543896530446e-05,2.0209294413063288e-05,-0.011281315580621464,-5.6855198003217274e-05,-2.279232702385095e-07
1.8964412212371826,0.042490448193215874,-1.8539507730439668,0.0010829611394832341,0.0013291943279552052,0.00027740018533886466,0.0002657874488948861,0.0037096162472624932,0.001158292206916886,0.00023385084090158073,-1.5300466262971998e-05,9.002102257804262e-05,0.00031619932585526185,0.0015407641187211152,-0.008102203745376551,-0.002419126603459041,2.7187825327818382e-05,0.0001265064766350338,2.3546730899361303e-05,3.382973087744895e-05,7.221222398486896e-05,-3.937558882575053e-05,0.0010711259346531435,0.00042297856026241997,-0.0007724752248221813,-0.0014425794443673127,0.00021365096045258039,6.781159106901774e-05,5.230342081115206e-05,0.00015561186357312048,9.047357483936815e-05,-3.92603885603196e-05,1.0047074446345158e-05,0.00010743623769166371,0.00010025936941431866,0.00013064168718023304,5.129147031892293e-05,0.00022710136537084814,4.775523726096724e-05,-1.676978198712855e-05,0.0033531262635374997,0.006714546435429691,0.0002351655311026271,0.0002452130869987308,0.0004384988549410395,0.0010998110168083245,0.00032678344563484264,-0.00022878926792089288,0.00015589494293014353,4.179360918028066e-06,0.0006664062738110034,0.00010390303622290956,-6.558613263035165e-05,0.0007049507637553058,3.465614771551044e-05,4.1462850587699454e-05,-7.332495999163316e-05,1.799963549455104e-05,-0.0008698131414616105,0.0005338655408995381,3.7043143764972425e-05,-5.314281593484524e-06,0.00022542755334166876,0.00013204669501553493,-8.325055921637217e-06,-4.486449803946919e-06,0.00015747463056926442,0.00017417442408690514,-0.00016890534732416033,0.0020085699679862055,0.0020789766007381755,-0.0018376087523671938,8.212443924798681e-05,-8.685415058492327e-05,-4.566796919480508e-05,-0.0006096701403073255,0.00039160360355256597,0.0005532544184827428,-0.00017788101240174262,0.0002280038100474072,4.787699419732887e-05,-1.0069411479062644e-05,3.946150506256424e-06,0.0009118019325054825,0.002277727177712146,-0.0008651245981749867,0.000740920311395418,-1.375709347678605e-05,0.0003234717884550782,-5.8224710336331324e-05,-6.1067238418977e-05,-0.0001644027258772875,6.1013449636066376e-05,-6.752879794469917e-05,-0.00023002251274934017,0.00030206733679795,1.0177839218398004e-05,-0.00013948337590325536,-0.004713953667658055,-0.00039029123700878523,7.476051458549407e-05,0.00013184616586131256,-3.536784174174931e-05,0.0007662536824536643,0.00019097537706211164,0.00014642860213932567,-0.0001936186851144119,0.0001089463019236868,3.9558165859387446e-05,-0.011281747111238524,-4.543168510749722e-05,-1.9298102784400975e-06
